見出し語,語義,品詞,意味グループ,頻度順位
ὁ ἡ τό,その，この,定冠詞,代名詞／疑問詞,1
αὐτός αὐτή αὐτό,～自身，他ならぬ～（強調）；同じ（冠詞と共に）；（主格以外の格で3人称代名詞として）彼，彼女，それ,第1・第2曲用形容詞,代名詞／疑問詞,2
καί,そして，～もまた，～さえ； καί...καί ～も～も,等位接続詞,接続詞／副詞,3
δέ,そして；しかし,等位接続詞,小辞,4
τίς τί,誰，何，どの・どんな（疑問代名詞／疑問形容詞）,代名詞,代名詞／疑問詞,5
"εἰμί, ἔσομαι, impf. ἦν, infin. εἶναι",～である；～がある,不規則動詞,人間と存在,6
οὗτος αὕτη τοῦτο,その（人・もの）；μετὰ ταῦτα その後,代名詞,代名詞／疑問詞,7
ἤ,あるいは；～より（比較級の後で）；ἤ...ἤ ～か～か,等位接続詞,接続詞／副詞,8
ἐν,～の中に，うちに（＋与格）,前置詞,方向,9
μέν...δέ,一方では～他方では～（しばしば翻訳不可）；μέν（単独で）たしかに,等位接続詞,小辞,10
τις τι,誰か或る人，何か或るもの，誰であれ，何であれ，若干の，何らかの（前接語，不定代名詞／不定形容詞）,代名詞,代名詞／疑問詞,11
ὅς ἥ ὅ,～するところの人，もの,代名詞,代名詞／疑問詞,12
γάρ,というのは（説明），たしかに，実際（肯定）,等位接続詞,接続詞／副詞,13
"οὐ, οὐκ, οὐχ",～でない（直説法の動詞と共に）,副詞,接続詞／副詞,14
"λέγω, ἐρῶ, εἶπον, εἴρηκα, λέλεγμαι, ἐλέχθην and ἐρρήθην",言う，話す，語る；選ぶ，集める，数える,ω動詞（口蓋音幹）,書く・話す,15
ὡς,～のように・として，～なので；（目的節を導いて）～となるように（＋接続法／希求法）；（間接話法を導いて）～ということ,従属接続詞,接続詞／副詞,16
τε,そして；τε…τε ～も～も,等位接続詞,接続詞／副詞,17
εἰς,～の中へ，～まで，～に向かって（＋対格）,前置詞,方向,18
ἐπί,～の上で（＋属格）；～の上で（＋与格）；～の上へ，～に対して（＋対格）,前置詞,方向,19
κατά,～の下へ，（～から・に沿って）下へ；～の間じゅう・に亘って，～にしたがって；κατὰ γῆν 陸で；κατὰ φύσιν 本性にしたがって・自然に；κατ’ ἔθνη 民族毎に；καθ᾿ἕνα 一人ずつ．,前置詞,方向,20
"ἐγώ ἐμοῦ, (pl.) ἡμεῖς, ἡμῶν",私，我々,代名詞,代名詞／疑問詞,21
πρός,～の傍から，～の面前で（＋属格）；～の傍で，～に加えて（＋与格）；～へ，～に向かって，～に応じて（＋対格）,前置詞,方向,22
"γίγνομαι, γενήσομαι, 2 aor. ἐγενόμην, γέγονα, γεγένημαι, ἐγενήθην",～になる；生まれる；生じる，起こる，～である,能動態欠如動詞,人間と存在,23
ἐάν (εἰ-ἄν),もし～ならば（＋接続法）,従属接続詞,接続詞／副詞,24
διά,～を通って，～の間，～によって，～のゆえに（＋属格，対格）,前置詞,方向を表さない前置詞,25
ἀλλά,しかし,等位接続詞,接続詞／副詞,26
πᾶς πᾶσα πᾶν,どの～も，全ての；～全体（定冠詞と共に）,第3曲用不規則名詞,分量と数詞,27
"ἔχω, ἕξω or σχήσω, 2 aor. ἔσχον, ἔσχηκα, impf. εἶχον",持っている，保持する，保つ,ω動詞（口蓋音幹）,得る・与える,28
"ἐκ, ἐξ",～から，～の中から（＋属格）,前置詞,方向,29
πολύς πολλή πολύ,多くの，たくさんの，大きな；ὡς ἐπὶ τὸ πολύ 大部分は，概して,第3曲用不規則名詞,分量と数詞,30
περί,～のまわりに，～をめぐって；～について（＋属格）,前置詞,方向,31
μή,［否定辞が主観的ないし条件的であることを表す］；εἰ μή もし～でなければ，～以外には・を除いて,従属接続詞,接続詞／副詞,32
ὅστις ἥτις ὅ τι,（誰であれ・何であれ）～な人・もの；（間接疑問で）誰，どの・どんな，何,代名詞,代名詞／疑問詞,33
ἄν,［可能性を表す（希求法と共に），あるいは普遍性を表す（接続法と共に）］,副詞,小辞,34
"σύ, σοῦ, (pl.) ὑμεῖς, ὑμῶν",あなた，あなた方,代名詞,代名詞／疑問詞,35
ἀνά,上に，上方へ；～の間じゅう・に亘って,前置詞,方向,36
ὅτι,～なので，～ということ；（最上級と共に）できるだけ～,従属接続詞,接続詞／副詞,37
εἰ,もし～ならば（＋直説法もしくは希求法）；εἴπερ もしも～ならば,従属接続詞,接続詞／副詞,38
ἄλλος ἄλλη ἄλλο,他の，その他の,第1・第2曲用形容詞,代名詞／疑問詞,39
ἀπό,～から（＋属格）,前置詞,方向,40
"φημί, φήσω, impf. ἔφην",言う，主張する，言明する；οὐ φημί 否定する，斥ける，～ではないと言う,μι動詞,書く・話す,41
ὑπό,～の下から・下で（＋属格，与格）；～によって（＋動作主を表す属格）；～の下へ,前置詞,方向,42
"ποιέω, ποιήσω, ἐποίησα, πεποίηκα, πεποίημαι, ἐποιήθην",作る，作り出す，もたらす，為す；（中間態）見なす，評価する,母音融合動詞,仕事と余暇,43
οὖν,それゆえ，したがって；いずれにせよ,副詞,小辞,44
"λόγος λόγου, ὁ",言葉，話，陳述；思考，理性，計算,第2曲用名詞,書く・話す,45
παρά,～のところから（＋属格）；～の傍で；～の傍へ，～に反して・外れて（＋対格）,前置詞,方向,46
οὕτως,そのように，かくして,副詞,接続詞／副詞,47
πρότερος προτέρα πρότερον,（空間的に）前の，（時間的に）以前の；τὸ πρότερον より前に，先んじて,第1・第2曲用形容詞,時間,48
"θεός θεοῦ, ὁ/ἡ",神，女神,第2曲用名詞,宗教,49
μετά,～と共に（＋属格）；～の後で（＋対格）,前置詞,方向を表さない前置詞,50
ἑαυτοῦ ἑαυτῆς ἑαυτοῦ,彼・彼女・それ自身（3人称再帰代名詞）,代名詞,代名詞／疑問詞,51
μέγας μεγάλη μέγα,大きい，偉大な，強力な,第1・第2曲用形容詞,分量と数詞,52
οὐδέ,そして～ない，しかし～ない，そしてまた～ない；οὐδέ...οὐδέ ～でさえなくまた～でもない,等位接続詞,接続詞／副詞,53
ἐκεῖνος ἐκείνη ἐκεῖνο,あの（人・もの）；ἐκεῖνος ... οὗτος前者は～後者は～,代名詞,代名詞／疑問詞,54
τοιοῦτος τοιαύτη τοιοῦτο,そんな，そのような,第1・第2曲用形容詞,代名詞／疑問詞,55
οὐδείς οὐδεμία οὐδέν,誰も～ない，何も～ない,代名詞,代名詞／疑問詞,56
εἶπον,"（私は）言った，話した．第2アオリスト → λέγω, φημί",不規則動詞,書く・話す,57
ἀγαθός –ή –όν,よい，立派な，勇敢な，高貴な,第1・第2曲用形容詞,倫理と道徳,58
γε,（前接語）たしかに；少なくとも～は，いずれにせよ,副詞,小辞,59
δή,明らかに，本当に，今や，事実，たしかに（確実さを表して）,副詞,小辞,60
"πόλις πόλεως, ἡ",都市，都市国家,第3曲用名詞（ι幹）,政治と社会,61
εἷς μία ἕν,一つの,数形容詞,分量と数詞,62
"ἵημι, ἥσω, ἧκα, -εἷκα, εἷμαι, -εἵθην",放つ，発する・迸らせる，射る；（中間態）急ぐ，急いで向かう,μι動詞,仕事と余暇,63
"δέω, δεήσω, ἐδέησα, δεδέηκα, δεδέημαι, ἐδεήθην",欠けている，足りない，必要とする（＋属格）,母音融合動詞,得る・与える,64
"ἄνθρωπος –ου, ὁ/ἡ",人間,第2曲用名詞,人間と存在,65
"ὁράω, ὄψομαι, 2 aor. εἶδον, ἑόρακα and ἑώρακα, ὤφθην, impf. ἑώρων",見る，（～の方を）見る,母音融合動詞,感覚と感情,66
μόνος μόνη μόνον,ただ～だけの，単独の,第1・第2曲用形容詞,分量と数詞,67
οὔτε...οὔτε,～でも～でもない,等位接続詞,接続詞／副詞,68
οἷος οἵα οἷον,そんな，そのような，～のような，（感嘆的に）何という，何たる；οἷός τε（＋不定詞）～できる；οἷόν τε（＋不定詞）～することが可能である,第1・第2曲用形容詞,代名詞／疑問詞,69
"λαμβάνω, λήψομαι, ἔλαβον, εἴληφα, εἴλημμαι, ἐλήφθην",捉える・捕える，つかむ，奪う；受け取る，迎え入れる,ω動詞（流音幹）,得る・与える,70
"δοκέω, δόξω, ἔδοξα",～だと思う，考える（＋対格と不定詞）；～だと思われる，よいと思われる（非人称）；δοκεῖ μοι 私には～と見える・思うに,ω動詞（口蓋音幹）,心理，知覚と学習,71
ἕτερος ἑτέρα ἕτερον,（二つあるうちの）一方の，片方の；別の，その他の,第1・第2曲用形容詞,代名詞／疑問詞,72
κακός –ή –όν,悪い，邪悪な，臆病な,第1・第2曲用形容詞,特徴,73
"ἀνήρ ἀνδρός, ὁ",男，夫,第3曲用不規則名詞,人間と存在,74
ἐπεί,～すると・の後に，～なので，～のときに,従属接続詞,時間,75
ὅσος ὅση ὅσον,～ほどの，と同じくらいの；できるだけ～；ὅσον（副詞）～の限り，～程度，できるだけ～,第1・第2曲用形容詞,代名詞／疑問詞,76
"καλέω, καλῶ, ἐκάλεσα, κέκληκα, κέκλημαι, ἐκλήθην",呼ぶ，呼び寄せる,母音融合動詞,書く・話す,77
"σῶμα σώματος, τό",体,第3曲用名詞（子音幹）,身体部位,78
"δεῖ, δεήσει, impf. ἔδει",～する必要がある，ねばならない，べきである（＋対格と不定詞）,非人称動詞,倫理と道徳,79
ὥσπερ,まさに～のように，あたかも,従属接続詞,接続詞／副詞,80
"δίδωμι, δώσω, ἔδωκα, δέδωκα, δέδομαι, ἐδόθην",与える，容認する，差し出す・提供する,μι動詞,得る・与える,81
ἔτι,なお，依然として,副詞,時間,82
"φύσις φύσεως, ἡ",自然；（心について）本性ないし気質；自然の掟・秩序,第3曲用名詞（ι幹）,世界秩序,83
μικρός –ά –όν,小さい，僅かな，短い・背が低い,第1・第2曲用形容詞,分量と数詞,84
"δύναμαι, δυνήσομαι, ἐδυνήθην, δεδύνημαι",（＋不定詞）～できる，するに足る力がある,非人称動詞,仕事と余暇,85
ὥστε,（想定上の，あるいは実際の結果を表して）～するほど，その結果～,従属接続詞,接続詞／副詞,86
"ἀρχή ἀρχῆς, ἡ",始まり，起源；支配，領土，王国；官職,第1曲用名詞,時間,87
ἕκαστος ἑκάστη ἕκαστον,それぞれ，めいめい，各々,代名詞,代名詞／疑問詞,88
"ἡμέρα ἡμέρας, ἡ",日，昼,第1曲用名詞,世界秩序,89
"φύω, φύσω, ἔφυσα",生む，生み出す，生起させる；（第2アオリスト）ἔφυν 育った，成長した；（完了）πέφυκα 本性的に～である，生まれつき～である,ω動詞（母音幹）,世界秩序,90
ἅπας ἅπασα ἅπαν,全部の，ありとあらゆる,第3曲用不規則名詞,分量と数詞,91
ὅμοιος ὁμοία ὅμοιον,同じ，似ている（＋与格）,第1・第2曲用形容詞,特徴,92
"νῦν, νυνί",今,副詞,時間,93
"γῆ γῆς, ἡ",大地，土地,第1曲用名詞,地上,94
"δύναμις δυνάμεως, ἡ",力，強さ，能力,第3曲用名詞（ι幹）,戦争と平和,95
καλός –ή –όν,美しい，高貴な，敬うべき,第1・第2曲用形容詞,特徴,96
"κύριος κυρίου, ὁ",主人,第2曲用名詞,政治と社会,97
μᾶλλον,もっと・一層，むしろ；μᾶλλον ... ἤ ～よりも一層～,副詞,接続詞／副詞,98
ὅδε ἥδε τόδε,この（人・もの）,代名詞,代名詞／疑問詞,99
ὅλος ὅλη ὅλον,全体の，全～，完全な,第1・第2曲用形容詞,分量と数詞,100
"μέρος μέρους, τό",部分，分け前,第3曲用名詞（σ幹）,分量と数詞,101
ἄρα,したがって，すると（結論を導いて）,副詞,小辞,102
ἐμός ἐμή ἐμόν,私の,第1・第2曲用形容詞,代名詞／疑問詞,103
"χράομαι, χρήσομαι, ἐχρησάμην, κέχρημαι, ἐχρήσθην",使う，経験する，被る・襲われる（＋与格）；（人を）～な仕方で扱う，見なす，対処する（＋与格と副詞）,能動態欠如動詞,政治と社会,104
δύο,二つの,数形容詞,分量と数詞,105
"χρόνος χρόνου, ὁ",時，時間,第2曲用名詞,時間,106
ἴσος ἴση ἴσον,等しい，～と同じ（＋与格）,第1・第2曲用形容詞,分量と数詞,107
ὅταν (ὅτε-ἄν),～のときはいつでも（＋接続法）,従属接続詞,接続詞／副詞,108
μόνον,ただ～だけ,副詞,接続詞／副詞,109
"οἶδα, infin. εἰδέναι, imper. ἴσθι, plupf. used as impf. ᾔδειν",知っている（完了で現在の意味）；～する術を知っている（＋不定詞）,不規則動詞,心理，知覚と学習,110
"βασιλεύς βασιλέως, ὁ",王,"第3曲用名詞（-εύς, -έως）",政治と社会,111
ὦ,おお（呼格と共に用いる場合は強調されない）,間投詞,小辞,112
"βούλομαι, βουλήσομαι, βεβούλημαι, ἐβουλήθην",（＋不定詞）～しようと欲する，望む，意図する；ὁ βουλόμενος （だれでもよい）任意の人,能動態欠如動詞,感覚と感情,113
"φαίνω, φανῶ, ἔφηνα, πέφηνα, πέφασμαι, ἐφάνην",明らかにする，明示する；（受動態）明らかになる，現れる，～と見える（＋分詞あるいは不定詞）,ω動詞（流音幹）,示す・見つける,114
"γράφω, γράψω, ἔγραψα, γέγραφα, γέγραμμαι, ἐγράφην",書く,ω動詞（唇音幹）,書く・話す,115
"φέρω, οἴσω, 1 aor. ἤνεγκα, 2 aor. ἤνεγκον, ἐνήνοχα, ἐνήνεγμαι, ἠνέχθην",運ぶ，担ぐ，もたらす；持ち去る；φέρε さあ，ほら（促しとして）,不規則動詞,仕事と余暇,116
"ψυχή ψυχῆς, ἡ",生命，魂,第1曲用名詞,人間と存在,117
μηδείς μηδεμία μηδέν,誰も・何も～ない,代名詞,代名詞／疑問詞,118
αἴτιος αἰτία αἴτιον,原因となる・責任のある，有罪の,第1・第2曲用形容詞,法と裁き,119
πάλιν,後ろに，元へ；ふたたび,副詞,方向,120
μάλιστα,最も，何よりも；（返事で）たしかに・その通り,副詞,接続詞／副詞,121
"ὑπάρχω, ὑπάρξω, ὑπῆρξα, ὑπῆργμαι, ὑπήρχθην",ある，存在する，属する；τὰ ὑπάρχοντα （現在の）状況,ω動詞（口蓋音幹）,人間と存在,122
"ἄρχω, ἄρξω, ἦρξα, ἦργμαι, ἤρχθην",始める（＋属格）；導く，支配する，統治する（＋属格）,ω動詞（口蓋音幹）,時間,123
"γυνή γυναικός, ἡ",女，妻,第3曲用不規則名詞,人間と存在,124
ποτε (enclitic),あるとき，いつか，一体全体,副詞,時間,125
ἵνα,～するために（接続詞として接続法ないし希求法と共に）；そこにおいて～なるところの（関係副詞として直説法と共に）,従属接続詞,接続詞／副詞,126
"ὄνομα ὀνόματος, τό",名前；名声,第3曲用名詞（子音幹）,書く・話す,127
ὑπέρ,～のために・に代わって（＋属格）；～を超えて（＋対格）,前置詞,方向を表さない前置詞,128
ἤδη,すでに，もう，今や；（近い未来について）今にも，程なく,副詞,時間,129
"πατήρ πατρός, ὁ",父,第3曲用不規則名詞,家族，友人関係および家庭,130
"ἀκούω, ἀκούσομαι, ἤκουσα, ἀκήκοα, plup. ἠκηκόη or ἀκηκόη, ἠκούσθην",聴く・耳を傾ける，聞く・耳にする,ω動詞（母音幹）,感覚と感情,131
"γένος γένους, τό",血筋，家系，子孫；種族，種類,第3曲用名詞（σ幹）,家族，友人関係および家庭,132
"τόπος τόπου, ὁ",場所；話題,第2曲用名詞,地上,133
"πράσσω, πράξω, ἔπραξα, πέπραχα, πέπραγμαι, ἐπράχθην",行う，達成する，成し遂げる；ある状態にある（＋副詞）,ω動詞（歯音幹）,仕事と余暇,134
πρῶτος πρώτη πρῶτον,第一の，先頭の，最初の；（副詞）τὸ πρῶτον 第一に，まず,第1・第2曲用形容詞,分量と数詞,135
"εὑρίσκω, εὑρήσω, 2 aor. ηὗρον or εὗρον, ηὕρηκα or εὕρηκα, εὕρημαι, εὑρέθην",見つけ出す，発見する，考案する,ω動詞（口蓋音幹）,示す・見つける,136
"παῖς παιδός, ὁ/ἡ",子ども；奴隷,第3曲用名詞（子音幹）,家族，友人関係および家庭,137
"ἔρχομαι, fut. εἶμι or ἐλεύσομαι, 2 aor. ἦλθον, ἐλήλυθα",来る，行く,能動態欠如動詞,運動,138
"υἱός υἱοῦ, ὁ",息子,第2曲用名詞,家族，友人関係および家庭,139
"ὕδωρ ὕδατος, τό",水,第3曲用名詞（子音幹）,世界秩序,140
ἴδιος ἰδία ἴδιον,自分自身の；それ固有の・独特の；私的な,第1・第2曲用形容詞,代名詞／疑問詞,141
σός σή σόν,あなたの,第1・第2曲用形容詞,代名詞／疑問詞,142
"γιγνώσκω, γνώσομαι, ἔγνων, ἔγνωκα, ἔγνωσμαι, ἐγνώσθην",知る，気づく；判断する，～することを決める（＋対格と不定詞）,ω動詞（口蓋音幹）,心理，知覚と学習,143
"τυγχάνω, τεύξομαι, ἔτυχον, τετύχηκα. τέτυγμαι, ἐτύχθην",射当てる，命中させる，たまたま遭遇する（＋属格）；達する，獲得する（＋属格）；偶然～する（＋分詞）,ω動詞（流音幹）,人間と存在,144
"ἵστημι στήσω will set, ἔστησα set, caused to stand, 2 aor. ἔστην stood, ἕστηκα stand, plup. εἱστήκη stood, ἐστάθην stood",立てる，置く,μι動詞,仕事と余暇,145
ἅμα,一緒に・同時に；（前置詞）～と共に（＋与格）,副詞,時間,146
"ἄγω, ἄξω, ἤγαγον, ἦχα, ἦγμαι, ἤχθην",連れていく，運ぶ，もたらす；（時間を）過ごす,ω動詞（口蓋音幹）,運動,147
"τρόπος τρόπου, ὁ",方向・進路；仕方，流儀，方法；暮らしぶり，習慣,第2曲用名詞,特徴,148
μήτε...μήτε,～でも～でもない,等位接続詞,接続詞／副詞,149
μέσος μέση μέσον,中間の，真ん中の・中心の，中庸な；τὸ μέσον 中心,第1・第2曲用形容詞,分量と数詞,150
ἀλλήλων –οις,（複数斜格のみ）お互い，相互,代名詞,代名詞／疑問詞,151
ἀεί,常に,副詞,時間,152
φίλος φίλη φίλον,愛しい，親愛な；友好的な,第1・第2曲用形容詞,家族，友人関係および家庭,153
"συμβαίνω, συμβήσομαι, 2 aor. συνέβην, συμβέβηκα",合意する，一致する，対応する；（出来事が）偶然生じる，発生する；ある状態になる，結果的に～となる（＋副詞）,ω動詞（流音幹）,家族，友人関係および家庭,154
"ἔργον ἔργου, τό",仕事，（仕事の）成果，行為,第2曲用名詞,仕事と余暇,155
"πλέω, πλεύσομαι, ἔπλευσα, πέπλευκα, πέπλευσμαι, ἐπλεύσθην",航行する・帆走する,母音融合動詞,政治と社会,156
τότε,そのとき，当時；οἱ τότε 当時の人々（対義語はοἱ νῦν）,副詞,時間,157
μήν,［直前の小辞を強調する］,副詞,小辞,158
"χρή, impf. χρῆν or ἐχρῆν, infin. χρῆναι",～する必要がある，せねばならない，すべきである（＋不定詞，あるいは対格＋不定詞）,非人称動詞,倫理と道徳,159
"δείκνυμι, δείξω, ἔδειξα, δέδειχα, δέδειγμαι, ἐδείχθην",示す，明らかにする,μι動詞,示す・見つける,160
"ζῷον ζῴου, τό",生物，動物,第2曲用名詞,動物と植物,161
"πρᾶγμα πράγματος, τό",物，事柄；（複数）事態，状況，仕事,第3曲用名詞（子音幹）,仕事と余暇,162
ἐναντίος ἐναντία ἐναντίον,反対の，向かい合った；対立する，相反する,前置詞,方向,163
"τίθημι, θήσω, ἔθηκα, τέθηκα, τέθειμαι (but usu. κεῖμαι instead), ἐτέθην",置く，据える；命じる，～させる；～を～とする，見なす,μι動詞,仕事と余暇,164
"εἶδον, 2 aor. of ὁράω, act. infin. ἰδεῖν, mid.infin. ἰδέσθαι",私は見た,不規則動詞,感覚と感情,165
"χείρ χειρός, ἡ",手,第3曲用名詞（子音幹）,身体部位,166
μηδέ,そして～ない,等位接続詞,接続詞／副詞,167
ὀλίγος ὀλίγη ὀλίγον,小さい，短い，少ない,第1・第2曲用形容詞,分量と数詞,168
"νόμος νόμου, ὁ",習慣・しきたり，掟，法,第2曲用名詞,法と裁き,169
κοινός –ή –όν,共通の，公共の，普通の,第1・第2曲用形容詞,政治と社会,170
"οἴομαι or οἶμαι, οἰήσομαι, impf. ᾤμην, aor. ᾠήθην",考える，思う（＋対格と不定詞）,能動態欠如動詞,心理，知覚と学習,171
"κινέω, κινήσω, ἐκίνησα, κεκίνηκα, κεκίνημαι, ἐκινήθην",動かす，駆り立てる,母音融合動詞,運動,172
"πάσχω, πείσομαι, ἔπαθον, πέπονθα",被る・耐え忍ぶ，経験する，～な目にあう（＋副詞）,ω動詞（口蓋音幹）,生と死,173
πῶς,どのように,副詞,代名詞／疑問詞,174
ὅσπερ ἥπερ ὅπερ,まさに～なところの（人・もの）,代名詞,代名詞／疑問詞,175
τοσοῦτος –αύτη –οῦτο(ν),それほどの，それくらいの,第1・第2曲用形容詞,分量と数詞,176
σύν,～と共に・を以て（＋与格）,前置詞,方向を表さない前置詞,177
εἶτα,それから，次に,副詞,接続詞／副詞,178
ἀληθής –ές,真の・本当の,"第3曲用形容詞（-ης, -ες）",倫理と道徳,179
δίκαιος δικαία δίκαιον,正しい，公正な,第1・第2曲用形容詞,法と裁き,180
"μέλλω, μελλήσω, ἐμέλλησα",（＋不定詞）～しようとする・しかかっている，躊躇う,ω動詞（流音幹）,感覚と感情,181
"ἐθέλω, ἐθελήσω, ἠθέλησα, ἠθέληκα",～と願う，と欲する・望む（＋不定詞）,ω動詞（流音幹）,感覚と感情,182
λοιπός –ή –όν,残りの・残余の,第1・第2曲用形容詞,分量と数詞,183
"ἀνάγκη ἀνάγκης, ἡ",必然,第1曲用名詞,世界秩序,184
ὅτε,～のとき，～のときはいつでも（直説法あるいは希求法）,従属接続詞,時間,185
δεύτερος –α –ον,二番目の,数形容詞,分量と数詞,186
πόλεμος πολέμου ὁ,戦争,第2曲用名詞,戦争と平和,187
"χώρα χώρας, ἡ",土地；場所,第1曲用名詞,地上,188
"ζάω, ζήσω, ἔζησα, ἔζηκα",生きる・生活する,母音融合動詞,生と死,189
"πλῆθος πλήθους, τό",多数・多量，群衆；数量，嵩,第3曲用名詞（σ幹）,政治と社会,190
"ἥλιος ἡλίου, ὁ",太陽,第2曲用名詞,世界秩序,191
"αἰτία αἰτίας, ἡ",原因，根拠，起源；責任，非難・咎め,第1曲用名詞,法と裁き,192
"πείθω, πείσω, ἔπεισα, πέποιθα, πέπεισμαι, ἐπείσθην",説得する，説き伏せる；（中間態および受動態）従う，信じる，信用する（＋与格）,ω動詞（歯音幹）,書く・話す,193
πάρειμι,側にいる，居合わせる，手近にある；（非人称）πάρεστί μοι ～することができる；τὰ παρόντα 現状；（副詞）τὸ παρόν ちょうど今,不規則動詞,人間と存在,194
πλεῖστος πλείστη πλεῖστον,最も多い，最も大きい（πολύςの最上級）,第1・第2曲用形容詞,分量と数詞,195
"εἶδος εἴδους, τό",姿，形，形相；種類,第3曲用名詞（σ幹）,分量と数詞,196
ὅπως,どのように；～となるように（＋接続法あるいは希求法）,従属接続詞,接続詞／副詞,197
τρεῖς τρία,三つの,数形容詞,分量と数詞,198
"βίος βίου, ὁ",生,第2曲用名詞,生と死,199
"νομίζω, νομιῶ, ἐνόμισα, νενόμικα, νενόμισμαι, ἐνομίσθην",～だと思う，考える（＋対格と不定詞）；～を習慣とする，～するのが普通である（＋不定詞）,ω動詞（歯音幹）,心理，知覚と学習,200
"κύκλος κύκλου, ὁ",円，環，円盤，球，回転,第2曲用名詞,分量と数詞,201
"πάθος πάθους, τό",受苦，災難，不運；激情，感情；状態,第3曲用名詞（σ幹）,感覚と感情,202
πρό,～の前に（で），～の面前で,前置詞,時間,203
μέντοι,しかしながら；たしかに・もちろん,副詞,小辞,204
"ὀνομάζω, ὀνομάσω, ὠνόμασα, ὠνόμακα, ὠνόμασμαι, ὠνομάσθην",名前を呼ぶ・名づける,ω動詞（歯音幹）,書く・話す,204
"ἀρετή ἀρετῆς, ἡ",長所，卓越性；美徳；武勇，勇気,第1曲用名詞,倫理と道徳,206
ὑμέτερος ὑμετέρα ὑμέτερον,あなた方の,第1・第2曲用形容詞,代名詞／疑問詞,206
"ἔτος ἔτους, τό",年,第3曲用名詞（σ幹）,時間,208
ἀντί,～に対して・の代わりに（＋属格）,前置詞,方向,209
"ναῦς νεώς, ἡ",船,第3曲用不規則名詞,仕事と余暇,210
τρίτος –η –ον,三番目の,数形容詞,分量と数詞,211
"πνεῦμα πνεύματος, τό",風，息，霊,第3曲用名詞（子音幹）,地上,212
ὀρθός –ή –όν,まっすぐな，直立した，正しい,第1・第2曲用形容詞,分量と数詞,213
"θάλασσα θαλάσσης, ἡ",海,第1曲用名詞,地上,214
"διαφέρω, διοίσω, 1 aor. διήνεγκα, 2 aor. διήνεγκον, διενήνοχα, διενήνεγμαι",方々へ運ぶ，振りまく・散らす；（非人称）διαφέρει ～にとって違いがある・重要である（＋与格）,ω動詞（流音幹）,仕事と余暇,215
μέχρι (+gen.),～まで；（前置詞）～の限り，まで（＋属格）,従属接続詞,時間,216
"δόξα δόξης, ἡ",意見，判断；評判，名声，名誉,第1曲用名詞,倫理と道徳,217
"κεφαλή –ῆς, ἡ",頭・首,第1曲用名詞,身体部位,218
"πῦρ πυρός, τό",火,第3曲用名詞（子音幹）,世界秩序,219
ἐλάσσων ἔλασσον,より小さい，より少ない，劣った（μικρόςの比較級）,"第3曲用形容詞（-ων, -ον）",分量と数詞,220
"πούς ποδός, ὁ",足,第3曲用名詞（子音幹）,身体部位,221
ἱερός –ά –όν,聖なる，畏敬すべき，神聖な,第1・第2曲用形容詞,宗教,222
εὐθύς εὐθεῖα εὐθύ,まっすぐな，率直な；（副詞）すぐに,"形容詞（-ύς, -εῖα, -ύ）",分量と数詞,223
"εἶμι, infin. ἰέναι, ptc. ἰών, ἰοῦσα, ἰόν",行く（ἔρχομαιの未来）,μι動詞,運動,224
ταχύς ταχεῖα ταχύ,速い；（副詞）τάχα すぐに；ひょっとすると,"形容詞（-ύς, -εῖα, -ύ）",特徴,225
"ποταμός –οῦ, ὁ",河・川,第2曲用名詞,地上,226
"οὐσία οὐσίας, ἡ",実体，本質；財産,第1曲用名詞,家族，友人関係および家庭,227
"ἀριθμός –οῦ, ὁ",数,第2曲用名詞,分量と数詞,228
ὕστερος ὑστέρα ὕστερον,後の，～の後に続く（＋属格）；次の，遅れた；（副詞）後で，遅れて,第1・第2曲用形容詞,方向,229
"φυλάσσω, φυλάξω, ἐφύλαξα, πεφύλαχα, πεφύλαγμαι, ἐφυλάχθην",見張る，守る；（中間態）気をつける，用心する（＋対格）,ω動詞（口蓋音幹）,戦争と平和,230
"καιρός καιροῦ, ὁ",時宜，好機,第2曲用名詞,時間,231
"οἰκέω, οἰκήσω, ᾤκησα, ᾤκηκα, ᾠκήθην",住む，居住する,母音融合動詞,家族，友人関係および家庭,232
ἀμφότερος ἀμφοτέρα ἀμφότερον,両方の,第1・第2曲用形容詞,分量と数詞,233
"σημεῖον σημείου, τό",印・徴，合図,第2曲用名詞,示す・見つける,234
"παρέχω, παρέξω, παρέσχον, παρέσχηκα, impf. παρεῖχον",差し出す，提供する，与える；～するのを認める・許す,ω動詞（口蓋音幹）,得る・与える,235
ἑκάτερος ἑκατέρα ἑκάτερον,（ふたつあるうちの）それぞれ,代名詞,代名詞／疑問詞,236
"δηλόω, δηλώσω, ἐδήλωσα, δεδήλωκα, ἐδηλώθην",明らかにする，示す,母音融合動詞,示す・見つける,237
οἰκεῖος οἰκεία οἰκεῖον,家庭内の，国内の；自分自身の；ふさわしい，適切な,第1・第2曲用形容詞,家族，友人関係および家庭,238
"κελεύω, κελεύσω, ἐκέλευσα, κεκέλευκα, κεκέλευσμαι, ἐκελεύσθην",命令する，頼む（＋対格と不定詞）,ω動詞（母音幹）,法と裁き,239
"τέλος τέλους, τό",終わり，結末・結果；達成，成就,第3曲用名詞（σ幹）,生と死,240
"ἡγέομαι, ἡγήσομαι, ἡγησάμην, ἥγημαι",導く，案内する，指揮する，支配する；思う，考える,能動態欠如動詞,心理，知覚と学習,241
ἄξιος ἀξία ἄξιον,値する，ふさわしい,第1・第2曲用形容詞,倫理と道徳,242
ἦ,本当に（後に続くものを強調する）,副詞,小辞,243
δῆλος δήλη δῆλον,明らかな，はっきりした，明白な,第1・第2曲用形容詞,示す・見つける,244
τοίνυν (τοί-νυν),したがって，それゆえ（推論を導いて）；更に，ところで（話題を転換・追加して）,副詞,小辞,245
πολέμιος πολεμία πολέμιον,敵対的な；οἱ πολέμιοι 敵,第1・第2曲用形容詞,戦争と平和,246
"ἔρομαι, ἐρήσομαι, 2 aor. ἠρόμην",尋ねる，～に～について質問する（＋二つの対格）,能動態欠如動詞,書く・話す,247
"ἀδελφός –οῦ, ὁ",兄弟,第2曲用名詞,家族，友人関係および家庭,248
"μέγεθος μεγέθους, τό",大きさ，重要性，サイズ,第3曲用名詞（σ幹）,分量と数詞,249
εἴτε…εἴτε,～であれ～であれ，～かあるいは～か,等位接続詞,接続詞／副詞,250
"κεῖμαι, κείσομαι",横たわっている，置かれている，ある状態にある（τίθημιの完了受動態として）,能動態欠如動詞,仕事と余暇,251
πολλάκις,しばしば,副詞,時間,252
"πίνω, πίομαι, 2 aor. ἔπιον, πέπωκα, -πέπομαι, -επόθην",飲む,ω動詞（流音幹）,感覚と感情,253
"χάρις χάριτος, ἡ",恩恵，感謝；優美，魅力，喜び；尊重，栄光,第3曲用名詞（子音幹）,倫理と道徳,254
ἔπειτα,それから，次に,副詞,時間,255
"ζητέω, ζητήσω, ἐζήτησα, ἐζήτηκα",探し求める,母音融合動詞,示す・見つける,256
"σχῆμα σχήματος, τό",形，見かけ，形式，様態,第3曲用名詞（子音幹）,分量と数詞,257
"τροφή τροφῆς, ἡ",養育，糧・食物,第1曲用名詞,生と死,258
"μανθάνω, μαθήσομαι, ἔμαθον, μεμάθηκα",学ぶ，学び知る，確かめる,ω動詞（流音幹）,心理，知覚と学習,259
ἐνταῦθα,そこで（へ），ここで（へ）,副詞,方向,260
"φεύγω, φεύξομαι, ἔφυγον, πέφευγα",逃げる，避ける,ω動詞（口蓋音幹）,運動,261
"ἵππος ἵππου, ὁ",馬,第2曲用名詞,動物と植物,262
"κόσμος κόσμου, ὁ",秩序；装飾，名誉；世界，宇宙,第2曲用名詞,世界秩序,263
"αἷμα αἵματος, τό",血,第3曲用名詞（子音幹）,身体部位,264
"αἱρέω, αἱρήσω, 2 aor. εἷλον, ᾕρηκα, ᾕρημαι, ᾑρέθην",取る，捉まえる，獲得する，征圧する；（中間態）選ぶ，選び取る,母音融合動詞,得る・与える,265
"προστίθημι, προσθήσω, προσέθηκα, προστέθηκα, προστέθειμαι (but commonly προσκεῖμαι instead), προσετέθην",付け加える；（中間態）加わる,μι動詞,得る・与える,266
"ἀξιόω, ἀξιώσω, ἠξίωσα, ἠξίωκα, ἠξίωμαι, ἠξιώθην",ふさわしいと思う；要求する,母音融合動詞,倫理と道徳,267
ἕως,～まで；～のあいだ，の限り,従属接続詞,時間,268
νέος νέα νέον,若い，新しい,第1・第2曲用形容詞,特徴,269
"ἔοικα, ptc. εἰκώς",似ている，～のようである（＋与格）；～に見える（＋不定詞）；ふさわしい（＋与格）,不規則動詞,特徴,270
κἄν (καὶ-ἄν),仮令～でも（＋接続法）,従属接続詞,接続詞／副詞,271
"καθίστημι, καταστήσω, κατέστησα, κατέστην, καθέστηκα, plupf. καθειστήκη, κατεστάθην",据える，設置する，確立する；ある状態にする,μι動詞,仕事と余暇,272
"τέχνη τέχνης, ἡ",技術，技巧，方策，学芸,第1曲用名詞,政治と社会,273
"χρῆμα χρήματος, τό",物，事；（ふつう複数で）財産，資産，財貨,第3曲用名詞（子音幹）,政治と社会,274
"σῴζω, σώσω, ἔσωσα, σέσωκα, ἐσώθην",救う，保存する,ω動詞（歯音幹）,救済と安全,275
"πέμπω, πέμψω, ἔπεμψα, πέπομφα, πέπεμμαι, ἐπέμφθην",送る,ω動詞（唇音幹）,運動,276
"φωνή φωνῆς, ἡ",音，声,第1曲用名詞,感覚と感情,277
ἕνεκα,～に関して，のために（＋属格）,前置詞,方向を表さない前置詞,278
"ἀπόλλυμι, ἀπολῶ, ἀπώλεσα, 2 aor. mid. ἀπωλόμην, pf. ἀπολώλεκα (“I have utterly destroyed”) or ἀπόλωλα (“I am undone”)",殺す，滅ぼす；（中間態）滅ぶ，死ぬ,μι動詞,生と死,279
"θάνατος θανάτου, ὁ",死,第2曲用名詞,生と死,280
"νύξ νυκτός, ἡ",夜,第3曲用名詞（子音幹）,世界秩序,281
"ὁδός ὁδοῦ, ἡ",道，方法,第2曲用名詞,政治と社会,282
"ἔθνος ἔθνους, τό",民族,第3曲用名詞（σ幹）,政治と社会,283
"ἀποδίδωμι, ἀποδώσω, ἀπέδωκα, ἀποδέδωκα, ἀποδέδομαι, ἀπεδόθην",返す，戻す，委ねる；～を～にする；許す；（中間態）売る,μι動詞,得る・与える,284
"νοῦς (νόος), νοῦ (νόου), ὁ",知性，心，分別,第2曲用名詞,心理，知覚と学習,285
"μένω, μενῶ, ἔμεινα, μεμένηκα",留まる，残る・存続する，待つ,ω動詞（流音幹）,運動,286
"ἀποθνῄσκω, ἀποθανοῦμαι, 2 aor. ἀπέθανον, ἀποτέθνηκα",死ぬ,ω動詞（口蓋音幹）,生と死,287
πάνυ,全く，完全に,副詞,接続詞／副詞,288
εὖ,よく，うまく，上首尾に（κακῶςの対義語）,副詞,接続詞／副詞,289
"κρίνω, κρινῶ, ἔκρινα, κέκρικα, κέκριμαι, ἐκρίθην",判じる，区別する，裁く，決定する,ω動詞（流音幹）,法と裁き,290
"ἀναιρέω, ἀναιρήσω, ἀνεῖλον, ἀνῄρηκα, ἀνῄρημαι, ἀνῃρέθην",持ち上げる，取り上げる；殺す，破壊する,母音融合動詞,戦争と平和,291
μακρός –ά –όν,長い，大きい，遠い,第1・第2曲用形容詞,分量と数詞,292
"ἥκω, ἥξω, pf. ἧκα",来ている,ω動詞（口蓋音幹）,運動,293
"ἡδονή –ῆς, ἡ",喜び，快楽,第1曲用名詞,仕事と余暇,294
"μήτηρ μητρός, ἡ",母,第3曲用不規則名詞,家族，友人関係および家庭,295
δεινός –ή –όν,凄い，恐ろしい；腕が立つ，通暁した（＋不定詞）,第1・第2曲用形容詞,特徴,296
"διαφορά –ᾶς, ἡ",違い，相違，不和,第1曲用名詞,法と裁き,297
"κρατέω, κρατήσω, ἐκράτησα, κεκράτηκα, κεκράτημαι, ἐκρατήθην",力がある；支配する，勝る（＋属格）,母音融合動詞,政治と社会,298
"δῆμος δήμου, ὁ",民衆，庶民；（πόλις「都市」に対して）田園，郊外,第2曲用名詞,人間と存在,299
"οὐρανός –οῦ, ὁ",空，天,第2曲用名詞,世界秩序,300
"ἕπομαι ἕψομαι, 2 aor. ἑσπόμην",従う，ついていく,能動態欠如動詞,運動,301
ἥσσων ἧσσον,より少ない，劣った（κακόςあるいはμικρόςの比較級）,"第3曲用形容詞（-ων, -ον）",特徴,302
"ὄρος ὄρους, τό",山，丘,第3曲用名詞（σ幹）,地上,303
πλήν,（前置詞）～を除いて（＋属格）；（接続詞）～を除いて，ただし，尤も～ではあるが,前置詞,方向を表さない前置詞,304
τέτταρες τέτταρα,四つの,数形容詞,分量と数詞,305
δυνατός –ή –όν,強い，力ある，（＋不定詞）～が可能な,第1・第2曲用形容詞,特徴,306
"οἶκος οἴκου, ὁ",家，住まい，家系,第2曲用名詞,家族，友人関係および家庭,307
ἄριστος ἀρίστη ἄριστον,最良の，最も優れた（ἀγαθόςの最上級）,第1・第2曲用形容詞,倫理と道徳,308
ῥᾴδιος ῥᾳδία ῥᾴδιον,容易な，楽な,第1・第2曲用形容詞,特徴,309
"ἀφαιρέω, ἀφαιρήσω, ἀφεῖλον, ἀφῄρηκα, ἀφῄρημαι, ἀφῃρέθην",取り去る，奪う,母音融合動詞,得る・与える,310
"τύχη τύχης, ἡ",運，幸運・不運，偶然,第1曲用名詞,生と死,311
φανερός –ά –όν,明らかな，はっきりした,第1・第2曲用形容詞,感覚と感情,312
"πρόσωπον προσώπου, τό",顔，仮面,第2曲用名詞,身体部位,313
"πιστεύω, πιστεύσω, ἐπίστευσα, πεπίστευκα, πεπίστευμαι, ἐπιστεύθην",信じる，信用する（＋与格）,ω動詞（母音幹）,感覚と感情,314
"διδάσκω, διδάξω, ἐδίδαξα, δεδίδαχα, δεδίδαγμαι, ἐδιδάχθην",～に～を教える（＋二つの対格）,ω動詞（口蓋音幹）,心理，知覚と学習,315
ἄνω,上へ,副詞,方向,316
"τάσσω, τάξω, ἔταξα, τέταχα, τέταγμαι, ἐτάχθην",配置する，整理する,ω動詞（口蓋音幹）,政治と社会,317
"ὀφθαλμός –οῦ, ὁ",眼,第2曲用名詞,身体部位,318
"δέχομαι, δέξομαι, ἐδεξάμην, δέδεγμαι, -εδέχθην",受け取る，認める，迎える,能動態欠如動詞,家族，友人関係および家庭,319
"ἀφικνέομαι, ἀφίξομαι, 2 aor. ἀφικόμην, ἀφῖγμαι",到着する,能動態欠如動詞,運動,320
ἱκανός –ή –όν,充分な；～できる，能力のある（＋不定詞）,第1・第2曲用形容詞,救済と安全,321
"ἐργάζομαι, ἐργάσομαι, εἰργασάμην, εἴργασμαι",働く,能動態欠如動詞,仕事と余暇,322
"μάχη μάχης, ἡ",戦闘，戦い,第1曲用名詞,戦争と平和,323
"τρέφω, θρέψω, ἔθρεψα, τέθραμμαι, ἐτράφην",育てる・養う，世話する，維持する,ω動詞（唇音幹）,生と死,324
ἀδύνατος –ον,不可能な；力のない・弱い,第1・第2曲用形容詞,政治と社会,325
ἀκριβής –ές,正確な，厳密な,"第3曲用形容詞（-ης, -ες）",分量と数詞,326
που,（前接語）どこかで，何らかの点で；たぶん，おそらく，思うに,副詞,小辞,327
ὅθεν,そこから～なるところの,副詞,方向,328
"στόμα στόματος, τό",口，顔，先端,第3曲用名詞（子音幹）,身体部位,329
χωρίς,離れて；（＋属格）～なしに,副詞,方向,330
κρείσσων κρεῖσσον,より強い，より優れた（ἀγαθόςの比較級）,"第3曲用形容詞（-ων, -ον）",特徴,331
βραχύς βραχεῖα βραχύ,短い,"形容詞（-ύς, -εῖα, -ύ）",特徴,332
ἰσχυρός –ά –όν,強い,第1・第2曲用形容詞,特徴,333
"ἀλήθεια ἀληθείας, ἡ",真理・真実,第1曲用名詞,倫理と道徳,334
"δίκη δίκης, ἡ",正義，訴訟，裁判，償い,第1曲用名詞,法と裁き,335
"χωρίον χωρίου, τό",場所，地域,第2曲用名詞,地上,336
ἡδύς ἡδεῖα ἡδύ,甘い，心地よい,"形容詞（-ύς, -εῖα, -ύ）",特徴,337
"νόσος νόσου, ὁ",病気,第2曲用名詞,生と死,338
"λίθος λίθου, ὁ",石,第2曲用名詞,地上,339
παλαιός –ά –όν,古い，年老いた，昔の,第1・第2曲用形容詞,特徴,340
"ἀφίημι, ἀφήσω, ἀφῆκα, ἀφεῖκα, ἀφεῖμαι, ἀφείθην",放つ，手放す，解放する；擲つ，放棄する，顧みない,μι動詞,得る・与える,341
ἄλλως,他の仕方で；他では，概して；不適切に（＝正しい仕方とは違って），空しく,副詞,代名詞／疑問詞,342
"πρᾶξις πράξεως, ἡ",行為，仕事；行為の結果，甲斐,第3曲用名詞（ι幹）,仕事と余暇,343
σαφής σαφές,はっきりした，明らかな,"第3曲用形容詞（-ης, -ες）",示す・見つける,344
σοφός –ή –όν,賢い，聡明な，知恵のある，巧みな,第1・第2曲用形容詞,特徴,345
"νικάω, νικήσω, ἐνίκησα, νενίκηκα, νενίκημαι, ἐνικήθην",勝つ，負かす，征服する,母音融合動詞,戦争と平和,346
"ὁμολογέω, ὁμολογήσω, ὡμολόγησα, ὡμολόγηκα, ὡμολόγημαι, ὡμολογήθην",～に同意する（＋与格）,母音融合動詞,法と裁き,347
"ναός (νεώς) ναοῦ (νεώ), ὁ",神殿,第2曲用名詞,宗教,348
"αὖ, αὖθις",更に；今度は，他方で；ふたたび,副詞,小辞,349
"πατρίς πατρίδος, ἡ",祖国，故郷,第3曲用名詞（子音幹）,政治と社会,350
ὀξύς ὀξεῖα ὀξύ,鋭い，鋭敏な，甲高い，激しい，ツンとする,"形容詞（-ύς, -εῖα, -ύ）",特徴,351
καίτοι (καί-τοι),そして実際；それにもかかわらず,副詞,小辞,352
πλέον,一層，それ以上に,副詞,分量と数詞,353
πλέων πλέον,より多い，より大きい（πολύςの比較級）,"第3曲用形容詞（-ων, -ον）",分量と数詞,354
"γνώμη γνώμης, ἡ",意見，考え，格言,第1曲用名詞,心理，知覚と学習,355
"τιμή τιμῆς, ἡ",尊敬，名誉；評価，価格，代償；役目，官職,第1曲用名詞,倫理と道徳,356
μεταξύ,間に；（前置詞）～の間に（＋属格）,副詞,方向,357
προσήκω προσήξω,～に属する，関係する，ふさわしい（＋与格）；達する；οἱ προσήκοντες 縁者・親戚；τὰ προσήκοντα 義務,ω動詞（口蓋音幹）,倫理と道徳,358
πρίν,（副詞）前に；（接続詞）～する前に，までに,従属接続詞,時間,359
"ἀδικέω, ἀδικήσω, ἠδίκησα, ἠδίκηκα, ἠδίκημαι, ἠδικήθην",不正を行う；害する,母音融合動詞,倫理と道徳,360
"στρατηγός –οῦ, ὁ",指揮官，将軍,第2曲用名詞,戦争と平和,361
οὐκέτι,もはや～ない,副詞,時間,362
"πρέσβυς πρέσβεως, ὁ",老人，長老；使節,"第3曲用名詞（-εύς, -έως）",政治と社会,363
"παύω, παύσω, ἔπαυσα, πέπαυκα, πέπαυμαι, ἐπαύθην",やめさせる，中断させる，阻む，斥ける（＋人の対格と，物ないし行為の属格；現在分詞）；（中間態）やめる（＋属格，現在分詞）,ω動詞（母音幹）,運動,364
"τελευτάω, τελευτήσω, ἐτελεύτησα, τετελεύτηκα, τετελεύτημαι, ἐτελευτήθην",全うする，達成する，遂げる；死ぬ,母音融合動詞,生と死,365
"μίγνυμι, μείξω, ἔμειξα, μέμειγμαι, ἐμείχθην",混ぜる，混合する,μι動詞,仕事と余暇,366
"λαός λαοῦ, ὁ",民衆，軍勢，人々,第2曲用名詞,人間と存在,367
"θυγάτηρ θυγατρός, ἡ",娘,第3曲用不規則名詞,家族，友人関係および家庭,368
"οἰκία οἰκίας, ἡ",建物，家屋，住居,第1曲用名詞,家族，友人関係および家庭,369
"παραδίδωμι, παραδώσω, παρέδωκα, παραδέδωκα, παραδέδομαι, παρεδόθην",伝える，引き渡す，委ねる,μι動詞,得る・与える,370
ἔξω,外で，外へ；（前置詞）～を除いて（＋属格）,副詞,方向,371
"νῆσος νήσου, ἡ",島,第2曲用名詞,地上,372
ἐκεῖ,そこへ・そこで,副詞,方向,373
"ἐπιστήμη –ης, ἡ",知識，熟練,第1曲用名詞,心理，知覚と学習,374
"ἐάω, ἐάσω, εἴασα",許す，認める（対格と不定詞）；なるに任せる，放っておく,母音融合動詞,法と裁き,375
"θαυμάζω, θαυμάσομαι, ἐθαύμασα, τεθαύμακα, τεθαύμασμαι, ἐθαυμάσθην",驚く，不思議に思う,ω動詞（歯音幹）,感覚と感情,376
"αἰσθάνομαι, αἰσθήσομαι, 2 aor. ᾐσθόμην, ᾔσθημαι",感じる，知覚する，知る，理解する,能動態欠如動詞,心理，知覚と学習,377
"χαίρω, χαιρήσω, κεχάρηκα, κεχάρημαι, ἐχάρην",喜ぶ（＋与格）；～して楽しむ，することを喜ぶ（＋分詞）；χαῖρε（複数 χαίρετε）ごきげんよう，こんにちは，さようなら,ω動詞（流音幹）,感覚と感情,378
χαλεπός –ή –όν,難しい，手に負えない，厳しい,第1・第2曲用形容詞,特徴,379
"τέκνον τέκνου, τό",子,第2曲用名詞,家族，友人関係および家庭,380
"καταλαμβάνω, καταλήψομαι, κατέλαβον, κατείληφα, κατείλημμαι, κατελήφθην",つかむ，捉える，抑えつける，強制する,ω動詞（流音幹）,戦争と平和,381
"μάχομαι, μαχοῦμαι, ἐμαχεσάμην, μεμάχημαι",～と闘う（＋与格）,能動態欠如動詞,戦争と平和,382
"μιμνήσκω, -μνήσω, -έμνησα, pf. μέμνημαι, ἐμνήσθην",思い出させる；（完了中間態）思い出す，覚えている,ω動詞（口蓋音幹）,心理，知覚と学習,383
"λύω, λύσω, ἔλυσα, λέλυκα, λέλυμαι, ἐλύθην",ほどく，緩める，開放する；滅ぼす，破壊する,ω動詞（母音幹）,戦争と平和,384
"θνῄσκω, 2 aor. -έθανον, τέθνηκα, θανοῦμαι",死ぬ,ω動詞（口蓋音幹）,生と死,384
"τιμάω, τιμήσω, ἐτίμησα, τετίμηκα, τετίμημαι, ἐτιμήθην",敬う，尊重する,母音融合動詞,倫理と道徳,386
"τεῖχος τείχους, τό",城壁,第3曲用名詞（σ幹）,政治と社会,387
ἴσως,おそらく，たぶん,副詞,接続詞／副詞,388
"αἴρω, ἀρῶ, ἦρα, ἦρκα, ἦρμαι, ἤρθην",持ち上げる；奪い去る,ω動詞（口蓋音幹）,運動,389
"ἀποκτείνω, ἀποκτενῶ, ἀπέκτεινα, ἀπέκτονα",殺す,ω動詞（流音幹）,戦争と平和,390
"στρατιώτης –ου, ὁ",兵士,第2曲用名詞,戦争と平和,391
ἄνευ,～なしに（＋属格）,前置詞,方向を表さない前置詞,392
πότερος ποτέρα πότερον,（ふたつのうち）どちら；πότερον ... ἤ ～かそれとも～か,第1・第2曲用形容詞,代名詞／疑問詞,393
ἁπλῶς,単に，単純に，要するに，（否定文で）まったく,副詞,分量と数詞,394
"πίπτω, πεσοῦμαι, ἔπεσον, πέπτωκα",落ちる，倒れる,ω動詞（歯音幹）,戦争と平和,395
τέταρτος –η –ον,四番目の,数形容詞,分量と数詞,396
"κατασκευάζω, κατασκευάσω, κατεσκεύασα",用意する，準備する,ω動詞（歯音幹）,仕事と余暇,397
ἐχθρός –ά –όν,憎むべき；～に敵意を持つ（＋与格）,第1・第2曲用形容詞,特徴,398
"ἀγών ἀγῶνος, ὁ",競争，張り合い,第3曲用名詞（子音幹）,政治と社会,399
"κωλύω, κωλύσω, ἐκώλυσα, κεκώλυκα, κεκώλυμαι, ἐκωλύθην",邪魔する，阻む，禁止する（＋対格と不定詞）,ω動詞（母音幹）,戦争と平和,400
"ἁμαρτάνω, ἁμαρτήσομαι, ἡμάρτησα, 2 aor. ἥμαρτον, ἡμάρτηκα, ἡμάρτημαι, ἡμαρτήθην",的を外す，得そこなう（＋属格）；間違う，過ちを犯す,ω動詞（流音幹）,倫理と道徳,401
"διαφθείρω, διαφθερῶ, διέφθειρα, διέφθαρκα, διέφθαρμαι, διεφθάρην",滅ぼす；破壊する，駄目にする,ω動詞（流音幹）,戦争と平和,402
πως,（前接語）何らかの仕方で，どうかして，ひょっとすると,副詞,小辞,403
"πόνος πόνου, ὁ",労苦，労働，苦痛,第2曲用名詞,仕事と余暇,404
ἔνθα,そこに・そこで,副詞,方向,405
"τάξις τάξεως, ἡ",配置，秩序；隊列,第3曲用名詞（ι幹）,戦争と平和,406
"πειράω (usually mid. πειράομαι), πειράσομαι, ἐπείρασα, πεπείραμαι, ἐπειράθην",試す，検める；実際に試してみる，経験する（＋属格）,母音融合動詞,仕事と余暇,407
"φοβέω, φοβήσω, ἐφόβησα, πεφόβημαι, ἐφοβήθην",追い払う，遁走させる；（中間態および受動態）逃げる，恐れる,母音融合動詞,感覚と感情,408
"βάλλω, βαλῶ, 2 aor. ἔβαλον, βέβληκα, βέβλημαι, ἐβλήθην",投げる，放つ；投げて当てる（目標を対格，道具を与格で表す）,ω動詞（流音幹）,運動,409
πονηρός –ά –όν,無価値な，劣悪な，邪悪な,第1・第2曲用形容詞,特徴,410
"ξένος ξένου, ὁ",客人；外国人,第2曲用名詞,政治と社会,411
βάρβαρος –ον,非ギリシアの，外国の；野蛮な,第1・第2曲用形容詞,政治と社会,412
ὅπου,どこで（間接疑問）；～なところで・場合に（関係副詞）,従属接続詞,接続詞／副詞,413
"συμφέρω, συνοίσω, 1 aor. συνήνεγκα",～にとって利益となる，役に立つ（＋与格）；（非人称）συμφέρει 有用である，役に立つ（＋不定詞）；τὸ συμφέρον 利益,不規則動詞,救済と安全,414
"πυνθάνομαι, πεύσομαι, 2 aor. ἐπυθόμην, πέπυσμαι",聞き知る，～について尋ねる（＋属格）,能動態欠如動詞,心理，知覚と学習,415
"δοῦλος δούλου, ὁ",奴隷,第2曲用名詞,政治と社会,416
"τέμνω, τεμῶ, 2 aor. ἔτεμον, -τέτμηκα, τέτμημαι, ἐτμήθην",切る，切り取る，切り分ける,ω動詞（流音幹）,戦争と平和,417
χρήσιμος χρησίμη χρήσιμον,役に立つ,第1・第2曲用形容詞,特徴,418
ποῖος ποία ποῖον,どのような,第1・第2曲用形容詞,代名詞／疑問詞,419
"ὅπλον ὅπλου, τό",武器，道具，装備（多くの場合複数）,第2曲用名詞,戦争と平和,420
"πίστις πίστεως, ἡ",信用，信頼，信義；保証，約束，証明,第3曲用名詞（ι幹）,感覚と感情,421
"ὑπολαμβάνω, ὑπολήψομαι, ὑπέλαβον, ὑπείληφα, ὑπείλημμαι, ὑπελήφθην",持ち上げる，捉まえる；答える，応じる；想定する，～だと思う,ω動詞（流音幹）,心理，知覚と学習,422
"ποιητής –οῦ, ὁ",創作者，詩人,第2曲用名詞,書く・話す,423
"λανθάνω, λήσω, ἔλαθον, λέληθα",～の目を免れる（＋対格）；気づかれずに～する（＋分詞）；（中間態および受動態）忘れる，失念する（＋属格）,ω動詞（流音幹）,政治と社会,424
βελτίων βέλτιον,よりよい（ἀγαθόςの比較級）,"第3曲用形容詞（-ων, -ον）",倫理と道徳,425
πάντως,まったくもって，絶対に，あらゆる仕方で，何としても,副詞,接続詞／副詞,426
"πορεύω, πορεύσω, ἐπόρευσα, πεπόρευμαι, ἐπορεύθην",運ぶ，行かせる；（中間態および受動態）行く，進む,ω動詞（母音幹）,仕事と余暇,427
"ἀποκρίνω, ἀποκρινῶ, ἀπεκρινάμην, ἀπεκρίθη",分離する，切り離す，選び出す；（中間態）答える，応じる,ω動詞（流音幹）,書く・話す,428
πέντε,五つの,数形容詞,分量と数詞,429
"κίνδυνος κινδύνου, ὁ",危険,第2曲用名詞,戦争と平和,430
"κατηγορέω, κατηγορήσω, κατηγόρησα, κατηγόρηκα, κατηγόρημαι, κατηγορήθην",～を非難する，告訴する（＋属格）,母音融合動詞,法と裁き,431
"τρέπω, τρέψω, ἔτρεψα, τέτροφα, ἐτράπην",向ける，向け変える，向かわせる；敗走させる，打ち負かす；（受動態）向きを変える，ある方向へ向かう,ω動詞（唇音幹）,運動,432
ὅμως,しかしながら，とはいえ,副詞,接続詞／副詞,433
θεῖος θεία θεῖον,神聖な，神々しい,第1・第2曲用形容詞,宗教,434
"ἱππεύς ἱππέως, ὁ",騎手，騎兵，（戦車の）馭者,"第3曲用名詞（-εύς, -έως）",戦争と平和,435
"κτάομαι, κτήσομαι, ἐκτησάμην, κέκτημαι",獲得する，手に入れる,能動態欠如動詞,得る・与える,436
"λείπω, λείψω, ἔλιπον, λέλοιπα, λέλειμμαι, ἐλείφθην",残す，後にする,ω動詞（唇音幹）,運動,437
"βουλή βουλῆς, ἡ",意志，計画，決意；協議，相談，忠告；評議会,第1曲用名詞,政治と社会,438
"ἐλπίς ἐλπίδος, ἡ",期待；希望,第3曲用名詞（子音幹）,感覚と感情,439
"γραφή γραφῆς, ἡ",書（描）かれたもの，絵画，文書；告訴状,第1曲用名詞,書く・話す,440
"τίκτω, τέξω or τέξομαι, ἔτεκον, τέτοκα, τέτεγμαι, ἐτέχθην",産む,ω動詞（歯音幹）,家族，友人関係および家庭,441
"κομίζω, κομιῶ, ἐκόμισα, κεκόμικα, κεκόμισμαι, ἐκομίσθην",世話をする，付き添う，（大事に）持って行く・持って来る,ω動詞（歯音幹）,救済と安全,442
"θυμός θυμοῦ, ὁ",生命，魂，心（臓），気概,第2曲用名詞,宗教,443
"βλέπω, βλέψομαι, ἔβλεψα",見る,ω動詞（唇音幹）,感覚と感情,444
"φόβος φόβου, ὁ",恐怖；逃走,第2曲用名詞,感覚と感情,445
"πολιτεία –ας, ἡ",市民権；国政，政治体制，共和国,第1曲用名詞,政治と社会,446
"στάδιον σταδίου, τό (pl. στάδια and στάδιοι)",スタディオン（距離の単位で，約185メートル）,第2曲用名詞,分量と数詞,447
"φρονέω, φρονήσω, ἐφρόνησα",分別がある；考える，～しようと思う（＋不定詞）；～に対して～な考えを持つ（＋与格と副詞）,母音融合動詞,心理，知覚と学習,448
τοιόσδε τοιάδε τοιόνδε,こんな，このような,第1・第2曲用形容詞,代名詞／疑問詞,449
"ὁρμάω, ὁρμήσω, ὥρμησα, ὥρμηκα, ὥρμημαι, ὡρμήθην",駆り立てる；（自動詞として）着手する，～しにかかる（＋不定詞）,母音融合動詞,運動,450
"παρασκευάζω, παρασκευάσω, παρεσκεύασα",準備する，用意する,ω動詞（歯音幹）,仕事と余暇,451
"λαλέω, λαλήσω, ἐλάλησα, λελάληκα, ἐλαλήθην",話す，お喋りをする,母音融合動詞,書く・話す,452
"δράω, δράσω, ἔδρασα, δέδρακα, δέδραμαι, ἐδράσθην",為す，達成する,母音融合動詞,仕事と余暇,453
"σκοπέω, σκοπήσω, ἐσκόπησα",見る，見張る；考察する，調べる,母音融合動詞,感覚と感情,454
"βοῦς βοός, ὁ/ἡ",牛,第3曲用不規則名詞,動物と植物,455
ἡμέτερος ἡμετέρα ἡμέτρον,我々の,第1・第2曲用形容詞,代名詞／疑問詞,456
"γράμμα γράμματος, τό",文字；（複数）文書,第3曲用名詞（子音幹）,書く・話す,457
"ἐρωτάω, ἐρήσομαι, 2 aor. ἠρόμην",～に～について尋ねる，質問する（人の対格と事柄の対格）；請い求める,母音融合動詞,書く・話す,458
"πολεμέω, πολεμήσω, ἐπολέμησα, πεπολέμηκα",戦争をする，争う,母音融合動詞,戦争と平和,459
"θύω, θύσω, ἔθυσα, τέθυκα, τέθυμαι, ἐτύθην",（神々に）犠牲を捧げる，祀る,ω動詞（母音幹）,宗教,460
"ἐλαύνω, ἐλῶ, ἤλασα, -ελήλακα, ἐλήλαμαι, ἠλάθην",駆り立てる，追い立てる,ω動詞（流音幹）,運動,461
"δέδοικα, δείσομαι, ἔδεισα",恐れる,ω動詞（歯音幹）,感覚と感情,462
σύμμαχος –ον,～と同盟を組んだ（＋与格）；οἱ σύμμαχοι 味方,第1・第2曲用形容詞,戦争と平和,463
"ἡγεμών ἡγεμόνος, ὁ",案内人，指導者，将,第3曲用名詞（子音幹）,政治と社会,464
βαρύς βαρεῖα βαρύ,重い，重苦しい，悲痛な；重要な；（音について）低い,"形容詞（-ύς, -εῖα, -ύ）",特徴,465
ὧδε,このように；ここで，ここに,副詞,方向,466
αἰσχρός –ά –όν,醜い，恥ずべき，不面目な,第1・第2曲用形容詞,特徴,467
"εἰρήνη εἰρήνης, ἡ",平和，講和,第1曲用名詞,戦争と平和,468
"ἁλίσκομαι, ἁλώσομαι, 2 aor. ἑάλων, ἑάλωκα",捕まる，捉えられる，征服される（能動態はαἱρέωで補われる）,能動態欠如動詞,戦争と平和,469
δέκα,十の,数形容詞,分量と数詞,470
ἀμείνων ἄμεινον,よりよい，より優れた，より強い，より勇敢な（ἀγαθόςの比較級）,"第3曲用形容詞（-ων, -ον）",倫理と道徳,471
χείρων χεῖρον,劣った，下位の（κακόςの比較級）,"第3曲用形容詞（-ων, -ον）",倫理と道徳,472
"βοηθέω, βοηθήσω, ἐβοήθησα, βεβοήθηκα",助ける，援助する（＋与格）,母音融合動詞,救済と安全,473
λαμπρός –ά –όν,輝く，明瞭な；輝かしい，著名な,第1・第2曲用形容詞,特徴,474
"ἀπαλλάσσω, ἀπαλλάξω, ἀπήλλαξα, ἀπήλλαχα, ἀπήλλαγμαι, ἀπηλλάχθην or ἀπηλλάγην",解放する，追い出す，手放す,ω動詞（歯音幹）,救済と安全,475
"βουλεύω βουλεύσω, ἐβούλευσα, βεβούλευκα, βεβούλευμαι, ἐβουλεύθην",計画する，決定する；（中間態）思案する,ω動詞（母音幹）,戦争と平和,476
μάλα,大いに，とても,副詞,接続詞／副詞,477
"αἰτέω, αἰτήσω, ᾔτησα, ᾔτηκα, ᾔτημαι, ᾐτήθην",頼む，乞い求める,母音融合動詞,書く・話す,478
"σωτηρία σωτηρίας, ἡ",安全，救済,第1曲用名詞,救済と安全,479
ἆρα,～か（疑問を導入して）,副詞,小辞,480
"διώκω, διώξομαι, ἐδίωξα, δεδίωχα, ἐδιώχθην",追跡する,ω動詞（口蓋音幹）,運動,481
"δαίμων δαίμονος, ὁ/ἡ",神霊,第3曲用名詞（子音幹）,宗教,482
οὐκοῦν,～ではないか（同意を期待する疑問文で）,副詞,小辞,483
"γλῶσσα γλώσσης, ἡ",舌；言語,第1曲用名詞,身体部位,484
ἑπτά,七つの,数形容詞,分量と数詞,485
"τολμάω, τολμήσω, ἐτόλμησα, τετόλμηκα, τετόλμημαι, ἐτολμήθην",大胆にも～する，敢行する；甘んじて受ける，辛抱する,母音融合動詞,感覚と感情,486
"δεσπότης –ου, ὁ",主人；支配者,第1曲用名詞,政治と社会,487
"εἰκός εἰκότος, τό",もっともらしさ，蓋然性；εἰκός (ἐστι) ～らしい，～はもっともなことだ（＋不定詞） →ἔοικα,第3曲用名詞（子音幹）,心理，知覚と学習,488
ἄδικος ἄδικον,不正な,第1・第2曲用形容詞,倫理と道徳,489
εἴκοσι(ν),二十の,数形容詞,分量と数詞,490
μυρίος μυρία μυρίον,"無数の； μύριοι 一万の; μυριάς -άδος ἡ 一万, 数え切れない数量",第1・第2曲用形容詞,分量と数詞,491
αὐτίκα,すぐに，直ちに,副詞,時間,492
δέκατος –η –ον,十番目の,数形容詞,分量と数詞,493
"βαίνω, βήσομαι, 2 aor. ἔβην, βέβηκα",歩く，来る，行く,ω動詞（流音幹）,運動,494
περ,［強調のために代名詞や他の小辞につく前接語］,副詞,小辞,495
ἐλεύθερος ἐλευθέρα ἐλεύθερον,自由な，独立した,第1・第2曲用形容詞,政治と社会,496
"στρατιά –ᾶς, ἡ",軍隊,第1曲用名詞,戦争と平和,497
ἀμφί,～をめぐって・について，～のまわりに,前置詞,方向,498
"συμφορά –ᾶς, ἡ",出来事・事件，状況，不運,第1曲用名詞,生と死,499
ἑκατόν,百の,数形容詞,分量と数詞,500
"νίκη νίκης, ἡ",勝利,第1曲用名詞,戦争と平和,501
"ἔπος ἔπους, τό",言葉，話，物語；予言・神託,第3曲用名詞（σ幹）,書く・話す,502
"στρατός –οῦ, ὁ",軍隊,第2曲用名詞,戦争と平和,503
"φράζω, φράσω, ἔφρασα, πέφρακα, πέφρασμαι, ἐφράσθην",告げる，述べる；（中間態および受動態）～について考える・思案する,ω動詞（歯音幹）,書く・話す,504
"ἀργύριον ἀργυρίου, τό",金銭,第2曲用名詞,政治と社会,505
τριάκοντα,三十の,数形容詞,分量と数詞,506
ἕξ,六つの,数形容詞,分量と数詞,507
πεμπτός –ή –όν,五番目の,数形容詞,分量と数詞,508
"μάρτυς μάρτυρος, ὁ/ἡ",証人,第3曲用名詞（子音幹）,法と裁き,509
χαλκοῦς –ῆ –οῦν,銅の・ブロンズの,第1・第2曲用形容詞,地上,510
ἕβδομος –η –ον,七番目の,数形容詞,分量と数詞,511
ποῦ,どこで・どこに,代名詞,代名詞／疑問詞,512
ναί,たしかに，もちろん・そうだ（強い肯定に用いる）,副詞,小辞,513
"φῶς φωτός, τό",光，日の光,第3曲用名詞（子音幹）,世界秩序,514
ὀκτώ,八つの,数形容詞,分量と数詞,515
ἕκτος –η –ον,六番目の,数形容詞,分量と数詞,516
τριακοστός –ή –όν,三十番目の,数形容詞,分量と数詞,517
ἐννέα,九つの,数形容詞,分量と数詞,518
πότε,いつ,副詞,時間,519
ὄγδοος –η –ον,八番目の,数形容詞,分量と数詞,520
ἔνατος –α –ον,九番目の,数形容詞,分量と数詞,521
εἰκοστός –ή –όν,二十番目の,数形容詞,分量と数詞,522
"ἀγγέλλω, ἀγγελῶ, ἤγγειλα, ἤγγελκα, ἤγγελμαι, ἠγγέλθην",伝える，報告する,ω動詞（流音幹）,書く・話す,523
ἑκατοστός –ή –όν,百番目の,数形容詞,分量と数詞,524
